stock1,stock2,Correlation
WBA,AXP,0.33027696081711716
TGT,AXP,0.19023047542428018
MNST,AXP,-0.004130225762611073
MCK,AXP,0.009142557464423495
INCY,AXP,0.4677418405303527
HSY,AXP,0.3374547985597157
EMR,AXP,0.3367208328171041
CAG,AXP,-0.2019253220445783
BBY,AXP,0.24387291978305797
WBA,BBY,0.6591112901148772
TGT,BBY,0.5743289119249924
MNST,BBY,0.10355594970048043
MCK,BBY,0.01506283299960881
INCY,BBY,0.3418258661631651
HSY,BBY,-0.2344196714384959
EMR,BBY,-0.15369967025120423
CAG,BBY,-0.07702149061321328
WBA,CAG,0.8901425740268004
TGT,CAG,-0.07841208522523185
MNST,CAG,0.560954278470487
MCK,CAG,0.38022979792404143
INCY,CAG,1.0
HSY,CAG,0.28784637833843363
EMR,CAG,0.5121448299646714
WBA,EMR,0.48397749598254897
TGT,EMR,0.12289310263795666
MNST,EMR,-0.23994570415313388
MCK,EMR,0.050247204503382714
INCY,EMR,1.0
HSY,EMR,0.06869271606495442
WBA,HSY,1.0
TGT,HSY,0.034405863408735526
MNST,HSY,-0.40194863056650065
MCK,HSY,0.8198133604744424
INCY,HSY,0.9772373858881238
WBA,INCY,1.0
TGT,INCY,-0.016354146789647334
MNST,INCY,1.0
MCK,INCY,0.31271580783089375
WBA,MCK,-0.015973031892605724
TGT,MCK,-0.05310858005671659
MNST,MCK,-0.013790819298645729
WBA,MNST,1.0
TGT,MNST,-0.6060034098404987
WBA,TGT,0.09678187556563514
